# OpenTelemetry Metrics report: .csv, 4 fields: 
# <metric name>, <period start, nanoseconds>, <period end, nanoseconds>, <metric value>
# See CsvMetricsExporter for details.
# 
# NAME, PERIOD_START_NANOS, PERIOD_END_NANOS, VALUE
workspaceModel.workspaceFileIndexData.visitFileSets.ms,1788308100037000000,1788308160071000000,0
workspaceModel.cachedValue.total.get.ms,1788308100037000000,1788308160071000000,11
workspaceModel.cachedValueWithParameters.calculated.ms,1788308100037000000,1788308160071000000,0
workspaceModel.replace.project.model.ms,1788308100037000000,1788308160071000000,0
workspaceModel.workspaceFileIndexData.getDirectoriesByPackageName.ms,1788308100037000000,1788308160071000000,1
workspaceModel.workspaceFileIndexData.updateDirtyEntities.ms,1788308100037000000,1788308160071000000,0
workspaceModel.to.snapshot.ms,1788308100037000000,1788308160071000000,1
workspaceModel.loading.total.ms,1788308100037000000,1788308160071000000,248
workspaceModel.cachedValue.calculated.ms,1788308100037000000,1788308160071000000,11
workspaceModel.cachedValue.from.cache.ms,1788308100037000000,1788308160071000000,0
workspaceModel.workspaceFileIndexData.instances.count,1788308100037000000,1788308160071000000,1
workspaceModel.entityStorageSnapshotImpl.instances.count,1788308100037000000,1788308160071000000,14
workspaceModel.check.recursive.update.ms,1788308100037000000,1788308160071000000,0
workspaceModel.updates.count,1788308100037000000,1788308160071000000,2
workspaceModel.workspaceFileIndexData.getFileInfo.ms,1788308100037000000,1788308160071000000,45
workspaceModel.init.bridges.ms,1788308100037000000,1788308160071000000,1
workspaceModel.cachedValue.clear.ms,1788308100037000000,1788308160071000000,0
workspaceModel.workspaceFileIndexData.getPackageName.ms,1788308100037000000,1788308160071000000,0
workspaceModel.update.unloaded.entities.ms,1788308100037000000,1788308160071000000,0
workspaceModel.workspaceFileIndexContributor.registerFileSets.ms,1788308100037000000,1788308160071000000,114
workspaceModel.workspaceFileIndexData.markDirty.ms,1788308100037000000,1788308160071000000,0
workspaceModel.loading.from.cache.ms,1788308100037000000,1788308160071000000,233
workspaceModel.updates.ms,1788308100037000000,1788308160071000000,72
workspaceModel.updates.precise.ms,1788308100037000000,1788308160071000000,11
workspaceModel.cachedValueWithParameters.clear.ms,1788308100037000000,1788308160071000000,0
workspaceModel.collect.changes.ms,1788308100037000000,1788308160071000000,0
workspaceModel.workspaceFileIndexData.onEntitiesChanged.ms,1788308100037000000,1788308160071000000,0
workspaceModel.initializing.ms,1788308100037000000,1788308160071000000,1
workspaceModel.cachedValueWithParameters.from.cache.ms,1788308100037000000,1788308160071000000,0
workspaceModel.workspaceFileIndexData.processFileSets.ms,1788308100037000000,1788308160071000000,0
workspaceModel.cachedValueWithParameters.total.get.ms,1788308100037000000,1788308160071000000,0
workspaceModel.pre.handlers.ms,1788308100037000000,1788308160071000000,1
workspaceModel.workspaceFileIndexData.init.ms,1788308100037000000,1788308160071000000,61
workspaceModel.full.replace.project.model.ms,1788308100037000000,1788308160071000000,4
IndexesFlusher.totalContentionQuotaSpent,1788308100037000000,1788308160071000000,24
Indexes.allKeys.lookupDurationAvgMs,1788308100037000000,1788308160071000000,0.0
Indexes.entries.lookupDuration90PMs,1788308100037000000,1788308160071000000,0.0
IndexesFlusher.totalFlushes,1788308100037000000,1788308160071000000,59
Indexes.stubs.lookupDuration90PMs,1788308100037000000,1788308160071000000,0.0
Indexes.entries.lookupDurationMaxMs,1788308100037000000,1788308160071000000,0.0
Indexes.stubs.lookupDurationAvgMs,1788308100037000000,1788308160071000000,0.0
Indexes.entries.lookups,1788308100037000000,1788308160071000000,0.0
Indexes.allKeys.lookups,1788308100037000000,1788308160071000000,0.0
Indexes.stubs.lookups,1788308100037000000,1788308160071000000,0.0
Indexes.entries.lookupDurationAvgMs,1788308100037000000,1788308160071000000,0.0
Indexes.allKeys.lookupDurationMaxMs,1788308100037000000,1788308160071000000,0.0
Indexes.stubs.lookupDurationMaxMs,1788308100037000000,1788308160071000000,0.0
Indexes.allKeys.lookupDuration90PMs,1788308100037000000,1788308160071000000,0.0
IndexesFlusher.totalFlushesRetried,1788308100037000000,1788308160071000000,1
IndexesFlusher.totalFlushingTimeUs,1788308100037000000,1788308160071000000,360717
workspaceModel.moduleManagerBridge.build.module.graph.ms,1788308100037000000,1788308160071000000,2
workspaceModel.mutableEntityStorage.to.snapshot.ms,1788308100037000000,1788308160071000000,3
workspaceModel.mutableEntityStorage.referrers.ms,1788308100037000000,1788308160071000000,0
workspaceModel.mutableEntityStorage.add.entity.ms,1788308100037000000,1788308160071000000,12
workspaceModel.mutableEntityStorage.entities.ms,1788308100037000000,1788308160071000000,0
jps.facet.change.listener.process.change.events.ms,1788308100037000000,1788308160071000000,1
workspaceModel.moduleBridge.before.changed.ms,1788308100037000000,1788308160071000000,0
workspaceModel.do.save.caches.ms,1788308100037000000,1788308160071000000,39
workspaceModel.moduleManagerBridge.set.unloadedModules.ms,1788308100037000000,1788308160071000000,0
workspaceModel.moduleBridgeLoader.loading.modules.ms,1788308100037000000,1788308160071000000,459
workspaceModel.orphan.listener.update.ms,1788308100037000000,1788308160071000000,2
jps.global.get.library.by.name.ms,1788308100037000000,1788308160071000000,0
jps.facet.change.listener.init.bridge.ms,1788308100037000000,1788308160071000000,0
jps.module.iml.entities.serializer.load.entities.ms,1788308100037000000,1788308160071000000,14
workspaceModel.mutableEntityStorage.mutable.vfurl.index.ms,1788308100037000000,1788308160071000000,0
workspaceModel.global.apply.state.to.project.builder.ms,1788308100037000000,1788308160071000000,1
jps.load.project.to.empty.storage.ms,1788308100037000000,1788308160071000000,56
workspaceModel.moduleManagerBridge.get.modules.ms,1788308100037000000,1788308160071000000,1
jps.global.handle.changed.events.ms,1788308100037000000,1788308160071000000,0
jps.library.entities.serializer.save.entities.ms,1788308100037000000,1788308160071000000,0
workspaceModel.moduleBridge.update.option.ms,1788308100037000000,1788308160071000000,0
jps.global.get.libraries.ms,1788308100037000000,1788308160071000000,1
jps.load.initial.state.ms,1788308100037000000,1788308160071000000,28
workspaceModel.mutableEntityStorage.instances.count,1788308100037000000,1788308160071000000,21
jps.save.global.entities.ms,1788308100037000000,1788308160071000000,0
workspaceModel.mutableEntityStorage.remove.entity.ms,1788308100037000000,1788308160071000000,0
jps.library.entities.serializer.load.entities.ms,1788308100037000000,1788308160071000000,1
jps.reload.project.entities.ms,1788308100037000000,1788308160071000000,0
workspaceModel.mutableEntityStorage.has.same.entities.ms,1788308100037000000,1788308160071000000,0
workspaceModel.mutableEntityStorage.apply.changes.from.ms,1788308100037000000,1788308160071000000,6
jps.project.serializers.save.ms,1788308100037000000,1788308160071000000,0
workspaceModel.mutableEntityStorage.put.entity.ms,1788308100037000000,1788308160071000000,3
workspaceModel.global.updates.ms,1788308100037000000,1788308160071000000,0
workspaceModel.delayed.project.synchronizer.sync.ms,1788308100037000000,1788308160071000000,73
jps.app.storage.content.reader.load.component.ms,1788308100037000000,1788308160071000000,0
workspaceModel.moduleManagerBridge.load.module.ms,1788308100037000000,1788308160071000000,0
workspaceModel.sync.entities.ms,1788308100037000000,1788308160071000000,0
workspaceModel.mutableEntityStorage.replace.by.source.ms,1788308100037000000,1788308160071000000,10
workspaceModel.moduleBridge.facet.initialization.ms,1788308100037000000,1788308160071000000,1
jps.apply.loaded.storage.ms,1788308100037000000,1788308160071000000,16
jps.facet.change.listener.before.change.events.ms,1788308100037000000,1788308160071000000,0
workspaceModel.mutableEntityStorage.collect.changes.ms,1788308100037000000,1788308160071000000,1
workspaceModel.mutableEntityStorage.modify.entity.ms,1788308100037000000,1788308160071000000,1
jps.global.initialize.library.bridges.ms,1788308100037000000,1788308160071000000,0
jps.save.changed.project.entities.ms,1788308100037000000,1788308160071000000,0
jps.global.initialize.library.bridges.after.loading.ms,1788308100037000000,1788308160071000000,1
workspaceModel.load.cache.from.file.ms,1788308100037000000,1788308160071000000,224
workspaceModel.mutableEntityStorage.entities.by.source.ms,1788308100037000000,1788308160071000000,1
workspaceModel.moduleManagerBridge.newModule.ms,1788308100037000000,1788308160071000000,0
jps.global.handle.before.change.events.ms,1788308100037000000,1788308160071000000,0
workspaceModel.save.cache.to.file.ms,1788308100037000000,1788308160071000000,31
workspaceModel.mutableEntityStorage.mutable.ext.mapping.ms,1788308100037000000,1788308160071000000,2
jps.project.serializers.load.ms,1788308100037000000,1788308160071000000,27
jps.module.iml.entities.serializer.save.entities.ms,1788308100037000000,1788308160071000000,0
workspaceModel.global.apply.state.to.project.ms,1788308100037000000,1788308160071000000,66
workspaceModel.moduleManagerBridge.create.module.instance.ms,1788308100037000000,1788308160071000000,0
workspaceModel.load.cache.metadata.from.file.ms,1788308100037000000,1788308160071000000,22
jps.storage.jps.conf.reader.load.component.ms,1788308100037000000,1788308160071000000,5
jps.global.get.library.ms,1788308100037000000,1788308160071000000,0
jps.artifact.entities.serializer.load.entities.ms,1788308100037000000,1788308160071000000,0
workspaceModel.global.updates.count,1788308100037000000,1788308160071000000,0
jps.artifact.entities.serializer.save.entities.ms,1788308100037000000,1788308160071000000,0
workspaceModel.moduleManagerBridge.new.nonPersistent.module.ms,1788308100037000000,1788308160071000000,0
workspaceModel.moduleManagerBridge.load.all.modules.ms,1788308100037000000,1788308160071000000,145
workspaceModel.mutableEntityStorage.resolve.ms,1788308100037000000,1788308160071000000,0
AWTEventQueue.dispatchTimeMaxNs,1788308100037000000,1788308160071000000,561151
FlushQueue.queueSizeAvg,1788308100037000000,1788308160071000000,0.0
FlushQueue.tasksExecuted,1788308100037000000,1788308160071000000,0
FlushQueue.executionTimeMaxNs,1788308100037000000,1788308160071000000,0
AWTEventQueue.dispatchTimeAvgNs,1788308100037000000,1788308160071000000,252748.8
AWTEventQueue.dispatchTimeTotalNS,1788308100037000000,1788308160071000000,4745099990
AWTEventQueue.eventsDispatched,1788308100037000000,1788308160071000000,10
AWTEventQueue.dispatchTime90PNs,1788308100037000000,1788308160071000000,493567
FlushQueue.executionTime90PNs,1788308100037000000,1788308160071000000,0
NonBlockingReadAction.finalizedExecutionsCount,1788308100037000000,1788308160071000000,17
FlushQueue.waitingTime90PNs,1788308100037000000,1788308160071000000,0
FlushQueue.waitingTimeMaxNs,1788308100037000000,1788308160071000000,0
NonBlockingReadAction.failedExecutionTimeUs,1788308100037000000,1788308160071000000,0
FlushQueue.queueSizeMax,1788308100037000000,1788308160071000000,0
WriteAction.executionsCount,1788308100037000000,1788308160071000000,7
FlushQueue.executionTimeAvgNs,1788308100037000000,1788308160071000000,0.0
NonBlockingReadAction.failedExecutionsCount,1788308100037000000,1788308160071000000,0
FlushQueue.waitingTimeAvgNs,1788308100037000000,1788308160071000000,0.0
NonBlockingReadAction.finalizedExecutionTimeUs,1788308100037000000,1788308160071000000,265703
ReadAction.executionsCount,1788308100037000000,1788308160071000000,10598
FlushQueue.queueSize90P,1788308100037000000,1788308160071000000,0
cacheStateStorage.set.duration,1788308100037000000,1788308160071000000,10
cacheStateStorage.get.duration,1788308100037000000,1788308160071000000,239
cacheStateStorage.get.counter,1788308100037000000,1788308160071000000,23
cacheStateStorage.set.counter,1788308100037000000,1788308160071000000,3
FilePageCache.maxCacheSizeInBytes,1788308100037000000,1788308160071000000,231751680
DirectByteBufferAllocator.reclaimed,1788308100037000000,1788308160071000000,3
FilePageCache.totalPageDisposalsUs,1788308100037000000,1788308160071000000,3363
FilePageCacheLockFree.totalClosedStoragesReclaimed,1788308100037000000,1788308160071000000,0
FileChannelInterruptsRetryer.totalRetriedAttempts,1788308100037000000,1788308160071000000,0
DirectByteBufferAllocator.totalSizeOfBuffersCachedInBytes,1788308100037000000,1788308160071000000,0
FilePageCache.capacityInBytes,1788308100037000000,1788308160071000000,503316478
FilePageCacheLockFree.totalPagesAllocated,1788308100037000000,1788308160071000000,0
StreamlinedBlobStorage.recordsRelocated,1788308100037000000,1788308160071000000,0
StreamlinedBlobStorage.recordsAllocated,1788308100037000000,1788308160071000000,2665
MappedFileStorage.totalBytesMapped,1788308100037000000,1788308160071000000,198443008
StreamlinedBlobStorage.totalLiveRecordsCapacityBytes,1788308100037000000,1788308160071000000,213058
DirectByteBufferAllocator.totalSizeOfBuffersAllocatedInBytes,1788308100037000000,1788308160071000000,231751680
FilePageCache.pageLoads,1788308100037000000,1788308160071000000,226
FilePageCacheLockFree.totalBytesRequested,1788308100037000000,1788308160071000000,0
FilePageCacheLockFree.totalPagesHandedOver,1788308100037000000,1788308160071000000,0
DirectByteBufferAllocator.misses,1788308100037000000,1788308160071000000,223
FilePageCacheLockFree.totalHeapBytesReclaimed,1788308100037000000,1788308160071000000,0
FilePageCache.pageHits,1788308100037000000,1788308160071000000,0
StorageLockContext.competingThreads.avg,1788308100037000000,1788308160071000000,0.0
FilePageCacheLockFree.housekeeperTurnsDone,1788308100037000000,1788308160071000000,0
FilePageCacheLockFree.totalPagesRequestsMs,1788308100037000000,1788308160071000000,0
StreamlinedBlobStorage.recordsDeleted,1788308100037000000,1788308160071000000,19
DirectByteBufferAllocator.hits,1788308100037000000,1788308160071000000,3
FilePageCacheLockFree.totalPagesRequested,1788308100037000000,1788308160071000000,0
FilePageCache.pageLoadsAboveSizeThreshold,1788308100037000000,1788308160071000000,0
FilePageCacheLockFree.totalBytesWritten,1788308100037000000,1788308160071000000,0
StorageLockContext.competingThreads.max,1788308100037000000,1788308160071000000,0
FilePageCache.uncachedFileAccess,1788308100037000000,1788308160071000000,118
MappedFileStorage.totalTimeSpentOnMappingUs,1788308100037000000,1788308160071000000,13026
FilePageCacheLockFree.totalPagesWriteMs,1788308100037000000,1788308160071000000,0
FilePageCacheLockFree.nativeBytesInUse,1788308100037000000,1788308160071000000,0
FilePageCache.totalPageLoadsUs,1788308100037000000,1788308160071000000,326002
FilePageCacheLockFree.housekeeperTurnsSkipped,1788308100037000000,1788308160071000000,0
FilePageCacheLockFree.totalNativeBytesAllocated,1788308100037000000,1788308160071000000,0
StorageLockContext.competingThreads.90P,1788308100037000000,1788308160071000000,0
FilePageCacheLockFree.housekeeperTimeSpentMs,1788308100037000000,1788308160071000000,0
StreamlinedBlobStorage.totalLiveRecordsPayloadBytes,1788308100037000000,1788308160071000000,69851
FilePageCacheLockFree.totalPageAllocationsWaited,1788308100037000000,1788308160071000000,0
MappedFileStorage.totalPagesMapped,1788308100037000000,1788308160071000000,15
FilePageCache.pageFastCacheHits,1788308100037000000,1788308160071000000,4366
FilePageCacheLockFree.totalPagesWritten,1788308100037000000,1788308160071000000,0
FilePageCache.maxRegisteredFiles,1788308100037000000,1788308160071000000,555
FilePageCacheLockFree.heapBytesInUse,1788308100037000000,1788308160071000000,0
FilePageCacheLockFree.totalHeapBytesAllocated,1788308100037000000,1788308160071000000,0
FilePageCacheLockFree.totalNativeBytesReclaimed,1788308100037000000,1788308160071000000,0
FilePageCacheLockFree.totalBytesRead,1788308100037000000,1788308160071000000,0
FilePageCacheLockFree.totalPagesReclaimed,1788308100037000000,1788308160071000000,0
FilePageCacheLockFree.totalPagesReadMs,1788308100037000000,1788308160071000000,0
MappedFileStorage.storages,1788308100037000000,1788308160071000000,15
DirectByteBufferAllocator.disposed,1788308100037000000,1788308160071000000,0
FilePageCache.disposedBuffers,1788308100037000000,1788308160071000000,3
VFS.fileByIdCache.misses,1788308100037000000,1788308160071000000,22
VFS.fileChildByName,1788308100037000000,1788308160071000000,746
FileNameCache.totalMisses,1788308100037000000,1788308160071000000,832
VFS.fileByIdCache.hits,1788308100037000000,1788308160071000000,0
VFS.invertedFileNameIndex.requests,1788308100037000000,1788308160071000000,0
FileNameCache.queries,1788308100037000000,1788308160071000000,11904
JVM.threadCount,1788308100037000000,1788308160071000000,161
JVM.totalDirectByteBuffersBytes,1788308100037000000,1788308160071000000,234811322
JVM.totalBytesAllocated,1788308100037000000,1788308160071000000,986903072
JVM.GC.collections,1788308100037000000,1788308160071000000,19
JVM.GC.collectionTimesMs,1788308100037000000,1788308160071000000,129
JVM.newThreadsCount,1788308100037000000,1788308160071000000,167
JVM.maxThreadCount,1788308100037000000,1788308160071000000,161
OS.loadAverage,1788308100037000000,1788308160071000000,2.384765625
JVM.usedNativeBytes,1788308100037000000,1788308160071000000,269147720
JVM.totalCpuTimeMs,1788308100037000000,1788308160071000000,40968
JVM.maxHeapBytes,1788308100037000000,1788308160071000000,2147483648
JVM.usedHeapBytes,1788308100037000000,1788308160071000000,379478240
compiler.ArtifactManagerBridge.getArtifacts.ms,1788308100037000000,1788308160071000000,0
compiler.ArtifactManagerBridge.findArtifact.ms,1788308100037000000,1788308160071000000,0
compiler.ArtifactManagerBridge.initBridges.ms,1788308100037000000,1788308160071000000,1
compiler.ArtifactManagerBridge.getArtifactsByType.ms,1788308100037000000,1788308160071000000,2
compiler.ArtifactManagerBridge.addArtifact.ms,1788308100037000000,1788308160071000000,0
compiler.ArtifactManagerBridge.dropMappings.ms,1788308100037000000,1788308160071000000,0
compiler.ArtifactManagerBridge.commit.ms,1788308100037000000,1788308160071000000,0
writeAction.count,1788308100037000000,1788308160071000000,7
writeAction.median.wait.ms,1788308100037000000,1788308160071000000,0
writeAction.wait.ms,1788308100037000000,1788308160071000000,10
writeAction.max.wait.ms,1788308100037000000,1788308160071000000,10
workspaceModel.workspaceFileIndexData.visitFileSets.ms,1788308160071000000,1788308210601000000,0
workspaceModel.cachedValue.total.get.ms,1788308160071000000,1788308210601000000,0
workspaceModel.cachedValueWithParameters.calculated.ms,1788308160071000000,1788308210601000000,0
workspaceModel.replace.project.model.ms,1788308160071000000,1788308210601000000,0
workspaceModel.workspaceFileIndexData.getDirectoriesByPackageName.ms,1788308160071000000,1788308210601000000,0
workspaceModel.workspaceFileIndexData.updateDirtyEntities.ms,1788308160071000000,1788308210601000000,0
workspaceModel.to.snapshot.ms,1788308160071000000,1788308210601000000,0
workspaceModel.loading.total.ms,1788308160071000000,1788308210601000000,0
workspaceModel.cachedValue.calculated.ms,1788308160071000000,1788308210601000000,0
workspaceModel.cachedValue.from.cache.ms,1788308160071000000,1788308210601000000,0
workspaceModel.workspaceFileIndexData.instances.count,1788308160071000000,1788308210601000000,0
workspaceModel.entityStorageSnapshotImpl.instances.count,1788308160071000000,1788308210601000000,0
workspaceModel.check.recursive.update.ms,1788308160071000000,1788308210601000000,0
workspaceModel.updates.count,1788308160071000000,1788308210601000000,0
workspaceModel.workspaceFileIndexData.getFileInfo.ms,1788308160071000000,1788308210601000000,0
workspaceModel.init.bridges.ms,1788308160071000000,1788308210601000000,0
workspaceModel.cachedValue.clear.ms,1788308160071000000,1788308210601000000,0
workspaceModel.workspaceFileIndexData.getPackageName.ms,1788308160071000000,1788308210601000000,0
workspaceModel.update.unloaded.entities.ms,1788308160071000000,1788308210601000000,0
workspaceModel.workspaceFileIndexContributor.registerFileSets.ms,1788308160071000000,1788308210601000000,0
workspaceModel.workspaceFileIndexData.markDirty.ms,1788308160071000000,1788308210601000000,0
workspaceModel.loading.from.cache.ms,1788308160071000000,1788308210601000000,0
workspaceModel.updates.ms,1788308160071000000,1788308210601000000,0
workspaceModel.updates.precise.ms,1788308160071000000,1788308210601000000,0
workspaceModel.cachedValueWithParameters.clear.ms,1788308160071000000,1788308210601000000,0
workspaceModel.collect.changes.ms,1788308160071000000,1788308210601000000,0
workspaceModel.workspaceFileIndexData.onEntitiesChanged.ms,1788308160071000000,1788308210601000000,0
workspaceModel.initializing.ms,1788308160071000000,1788308210601000000,0
workspaceModel.cachedValueWithParameters.from.cache.ms,1788308160071000000,1788308210601000000,0
workspaceModel.workspaceFileIndexData.processFileSets.ms,1788308160071000000,1788308210601000000,0
workspaceModel.cachedValueWithParameters.total.get.ms,1788308160071000000,1788308210601000000,0
workspaceModel.pre.handlers.ms,1788308160071000000,1788308210601000000,0
workspaceModel.workspaceFileIndexData.init.ms,1788308160071000000,1788308210601000000,0
workspaceModel.full.replace.project.model.ms,1788308160071000000,1788308210601000000,0
Indexes.allKeys.lookupDurationAvgMs,1788308160071000000,1788308210601000000,0.0
Indexes.entries.lookupDuration90PMs,1788308160071000000,1788308210601000000,0.0
Indexes.stubs.lookupDuration90PMs,1788308160071000000,1788308210601000000,0.0
Indexes.entries.lookupDurationMaxMs,1788308160071000000,1788308210601000000,0.0
Indexes.stubs.lookupDurationAvgMs,1788308160071000000,1788308210601000000,0.0
Indexes.entries.lookups,1788308160071000000,1788308210601000000,0.0
Indexes.allKeys.lookups,1788308160071000000,1788308210601000000,0.0
Indexes.stubs.lookups,1788308160071000000,1788308210601000000,0.0
Indexes.entries.lookupDurationAvgMs,1788308160071000000,1788308210601000000,0.0
Indexes.allKeys.lookupDurationMaxMs,1788308160071000000,1788308210601000000,0.0
Indexes.stubs.lookupDurationMaxMs,1788308160071000000,1788308210601000000,0.0
Indexes.allKeys.lookupDuration90PMs,1788308160071000000,1788308210601000000,0.0
workspaceModel.moduleManagerBridge.build.module.graph.ms,1788308160071000000,1788308210601000000,0
workspaceModel.mutableEntityStorage.to.snapshot.ms,1788308160071000000,1788308210601000000,0
workspaceModel.mutableEntityStorage.referrers.ms,1788308160071000000,1788308210601000000,0
workspaceModel.mutableEntityStorage.add.entity.ms,1788308160071000000,1788308210601000000,0
workspaceModel.mutableEntityStorage.entities.ms,1788308160071000000,1788308210601000000,0
jps.facet.change.listener.process.change.events.ms,1788308160071000000,1788308210601000000,0
workspaceModel.moduleBridge.before.changed.ms,1788308160071000000,1788308210601000000,0
workspaceModel.do.save.caches.ms,1788308160071000000,1788308210601000000,0
workspaceModel.moduleManagerBridge.set.unloadedModules.ms,1788308160071000000,1788308210601000000,0
workspaceModel.moduleBridgeLoader.loading.modules.ms,1788308160071000000,1788308210601000000,0
workspaceModel.orphan.listener.update.ms,1788308160071000000,1788308210601000000,0
jps.app.storage.content.writer.save.component.ms,1788308160071000000,1788308210601000000,2
jps.global.get.library.by.name.ms,1788308160071000000,1788308210601000000,0
jps.facet.change.listener.init.bridge.ms,1788308160071000000,1788308210601000000,0
jps.module.iml.entities.serializer.load.entities.ms,1788308160071000000,1788308210601000000,0
workspaceModel.mutableEntityStorage.mutable.vfurl.index.ms,1788308160071000000,1788308210601000000,0
workspaceModel.global.apply.state.to.project.builder.ms,1788308160071000000,1788308210601000000,0
jps.load.project.to.empty.storage.ms,1788308160071000000,1788308210601000000,0
workspaceModel.moduleManagerBridge.get.modules.ms,1788308160071000000,1788308210601000000,0
jps.global.handle.changed.events.ms,1788308160071000000,1788308210601000000,0
jps.library.entities.serializer.save.entities.ms,1788308160071000000,1788308210601000000,0
workspaceModel.moduleBridge.update.option.ms,1788308160071000000,1788308210601000000,0
jps.global.get.libraries.ms,1788308160071000000,1788308210601000000,0
jps.load.initial.state.ms,1788308160071000000,1788308210601000000,0
workspaceModel.mutableEntityStorage.instances.count,1788308160071000000,1788308210601000000,0
jps.save.global.entities.ms,1788308160071000000,1788308210601000000,6
workspaceModel.mutableEntityStorage.remove.entity.ms,1788308160071000000,1788308210601000000,0
jps.library.entities.serializer.load.entities.ms,1788308160071000000,1788308210601000000,0
jps.reload.project.entities.ms,1788308160071000000,1788308210601000000,0
workspaceModel.mutableEntityStorage.has.same.entities.ms,1788308160071000000,1788308210601000000,0
workspaceModel.mutableEntityStorage.apply.changes.from.ms,1788308160071000000,1788308210601000000,0
jps.project.serializers.save.ms,1788308160071000000,1788308210601000000,1
workspaceModel.mutableEntityStorage.put.entity.ms,1788308160071000000,1788308210601000000,0
workspaceModel.global.updates.ms,1788308160071000000,1788308210601000000,0
workspaceModel.delayed.project.synchronizer.sync.ms,1788308160071000000,1788308210601000000,0
jps.app.storage.content.reader.load.component.ms,1788308160071000000,1788308210601000000,0
workspaceModel.moduleManagerBridge.load.module.ms,1788308160071000000,1788308210601000000,0
workspaceModel.sync.entities.ms,1788308160071000000,1788308210601000000,0
workspaceModel.mutableEntityStorage.replace.by.source.ms,1788308160071000000,1788308210601000000,0
workspaceModel.moduleBridge.facet.initialization.ms,1788308160071000000,1788308210601000000,0
jps.apply.loaded.storage.ms,1788308160071000000,1788308210601000000,0
jps.facet.change.listener.before.change.events.ms,1788308160071000000,1788308210601000000,0
workspaceModel.mutableEntityStorage.collect.changes.ms,1788308160071000000,1788308210601000000,0
workspaceModel.mutableEntityStorage.modify.entity.ms,1788308160071000000,1788308210601000000,0
jps.global.initialize.library.bridges.ms,1788308160071000000,1788308210601000000,0
jps.save.changed.project.entities.ms,1788308160071000000,1788308210601000000,1
jps.global.initialize.library.bridges.after.loading.ms,1788308160071000000,1788308210601000000,0
workspaceModel.load.cache.from.file.ms,1788308160071000000,1788308210601000000,0
workspaceModel.mutableEntityStorage.entities.by.source.ms,1788308160071000000,1788308210601000000,0
workspaceModel.moduleManagerBridge.newModule.ms,1788308160071000000,1788308210601000000,0
jps.global.handle.before.change.events.ms,1788308160071000000,1788308210601000000,0
workspaceModel.save.cache.to.file.ms,1788308160071000000,1788308210601000000,0
workspaceModel.mutableEntityStorage.mutable.ext.mapping.ms,1788308160071000000,1788308210601000000,0
jps.project.serializers.load.ms,1788308160071000000,1788308210601000000,0
jps.module.iml.entities.serializer.save.entities.ms,1788308160071000000,1788308210601000000,0
workspaceModel.global.apply.state.to.project.ms,1788308160071000000,1788308210601000000,0
workspaceModel.moduleManagerBridge.create.module.instance.ms,1788308160071000000,1788308210601000000,0
workspaceModel.load.cache.metadata.from.file.ms,1788308160071000000,1788308210601000000,0
jps.storage.jps.conf.reader.load.component.ms,1788308160071000000,1788308210601000000,0
jps.global.get.library.ms,1788308160071000000,1788308210601000000,0
jps.artifact.entities.serializer.load.entities.ms,1788308160071000000,1788308210601000000,0
workspaceModel.global.updates.count,1788308160071000000,1788308210601000000,0
jps.artifact.entities.serializer.save.entities.ms,1788308160071000000,1788308210601000000,0
workspaceModel.moduleManagerBridge.new.nonPersistent.module.ms,1788308160071000000,1788308210601000000,0
workspaceModel.moduleManagerBridge.load.all.modules.ms,1788308160071000000,1788308210601000000,0
workspaceModel.mutableEntityStorage.resolve.ms,1788308160071000000,1788308210601000000,0
AWTEventQueue.dispatchTimeMaxNs,1788308160071000000,1788308210601000000,0
FlushQueue.queueSizeAvg,1788308160071000000,1788308210601000000,0.0
FlushQueue.tasksExecuted,1788308160071000000,1788308210601000000,0
FlushQueue.executionTimeMaxNs,1788308160071000000,1788308210601000000,0
AWTEventQueue.dispatchTimeAvgNs,1788308160071000000,1788308210601000000,0.0
AWTEventQueue.dispatchTimeTotalNS,1788308160071000000,1788308210601000000,1336266488
AWTEventQueue.eventsDispatched,1788308160071000000,1788308210601000000,0
AWTEventQueue.dispatchTime90PNs,1788308160071000000,1788308210601000000,0
FlushQueue.executionTime90PNs,1788308160071000000,1788308210601000000,0
NonBlockingReadAction.finalizedExecutionsCount,1788308160071000000,1788308210601000000,8
FlushQueue.waitingTime90PNs,1788308160071000000,1788308210601000000,0
FlushQueue.waitingTimeMaxNs,1788308160071000000,1788308210601000000,0
NonBlockingReadAction.failedExecutionTimeUs,1788308160071000000,1788308210601000000,0
FlushQueue.queueSizeMax,1788308160071000000,1788308210601000000,0
WriteAction.executionsCount,1788308160071000000,1788308210601000000,0
FlushQueue.executionTimeAvgNs,1788308160071000000,1788308210601000000,0.0
NonBlockingReadAction.failedExecutionsCount,1788308160071000000,1788308210601000000,0
FlushQueue.waitingTimeAvgNs,1788308160071000000,1788308210601000000,0.0
NonBlockingReadAction.finalizedExecutionTimeUs,1788308160071000000,1788308210601000000,1059
ReadAction.executionsCount,1788308160071000000,1788308210601000000,6166
FlushQueue.queueSize90P,1788308160071000000,1788308210601000000,0
cacheStateStorage.set.duration,1788308160071000000,1788308210601000000,0
cacheStateStorage.get.duration,1788308160071000000,1788308210601000000,0
cacheStateStorage.get.counter,1788308160071000000,1788308210601000000,1
cacheStateStorage.set.counter,1788308160071000000,1788308210601000000,0
FilePageCache.maxCacheSizeInBytes,1788308160071000000,1788308210601000000,231751680
DirectByteBufferAllocator.reclaimed,1788308160071000000,1788308210601000000,42
FilePageCache.totalPageDisposalsUs,1788308160071000000,1788308210601000000,0
FilePageCacheLockFree.totalClosedStoragesReclaimed,1788308160071000000,1788308210601000000,0
FileChannelInterruptsRetryer.totalRetriedAttempts,1788308160071000000,1788308210601000000,0
DirectByteBufferAllocator.totalSizeOfBuffersCachedInBytes,1788308160071000000,1788308210601000000,41959424
FilePageCache.capacityInBytes,1788308160071000000,1788308210601000000,503316478
FilePageCacheLockFree.totalPagesAllocated,1788308160071000000,1788308210601000000,0
MappedFileStorage.totalBytesMapped,1788308160071000000,1788308210601000000,0
DirectByteBufferAllocator.totalSizeOfBuffersAllocatedInBytes,1788308160071000000,1788308210601000000,46153728
FilePageCache.pageLoads,1788308160071000000,1788308210601000000,0
FilePageCacheLockFree.totalBytesRequested,1788308160071000000,1788308210601000000,0
FilePageCacheLockFree.totalPagesHandedOver,1788308160071000000,1788308210601000000,0
DirectByteBufferAllocator.misses,1788308160071000000,1788308210601000000,0
FilePageCacheLockFree.totalHeapBytesReclaimed,1788308160071000000,1788308210601000000,0
FilePageCache.pageHits,1788308160071000000,1788308210601000000,0
StorageLockContext.competingThreads.avg,1788308160071000000,1788308210601000000,0.0
FilePageCacheLockFree.housekeeperTurnsDone,1788308160071000000,1788308210601000000,0
FilePageCacheLockFree.totalPagesRequestsMs,1788308160071000000,1788308210601000000,0
DirectByteBufferAllocator.hits,1788308160071000000,1788308210601000000,0
FilePageCacheLockFree.totalPagesRequested,1788308160071000000,1788308210601000000,0
FilePageCache.pageLoadsAboveSizeThreshold,1788308160071000000,1788308210601000000,0
FilePageCacheLockFree.totalBytesWritten,1788308160071000000,1788308210601000000,0
StorageLockContext.competingThreads.max,1788308160071000000,1788308210601000000,0
FilePageCache.uncachedFileAccess,1788308160071000000,1788308210601000000,0
MappedFileStorage.totalTimeSpentOnMappingUs,1788308160071000000,1788308210601000000,13026
FilePageCacheLockFree.totalPagesWriteMs,1788308160071000000,1788308210601000000,0
FilePageCacheLockFree.nativeBytesInUse,1788308160071000000,1788308210601000000,0
FilePageCache.totalPageLoadsUs,1788308160071000000,1788308210601000000,0
FilePageCacheLockFree.housekeeperTurnsSkipped,1788308160071000000,1788308210601000000,0
FilePageCacheLockFree.totalNativeBytesAllocated,1788308160071000000,1788308210601000000,0
StorageLockContext.competingThreads.90P,1788308160071000000,1788308210601000000,0
FilePageCacheLockFree.housekeeperTimeSpentMs,1788308160071000000,1788308210601000000,0
FilePageCacheLockFree.totalPageAllocationsWaited,1788308160071000000,1788308210601000000,0
MappedFileStorage.totalPagesMapped,1788308160071000000,1788308210601000000,0
FilePageCache.pageFastCacheHits,1788308160071000000,1788308210601000000,9
FilePageCacheLockFree.totalPagesWritten,1788308160071000000,1788308210601000000,0
FilePageCache.maxRegisteredFiles,1788308160071000000,1788308210601000000,555
FilePageCacheLockFree.heapBytesInUse,1788308160071000000,1788308210601000000,0
FilePageCacheLockFree.totalHeapBytesAllocated,1788308160071000000,1788308210601000000,0
FilePageCacheLockFree.totalNativeBytesReclaimed,1788308160071000000,1788308210601000000,0
FilePageCacheLockFree.totalBytesRead,1788308160071000000,1788308210601000000,0
FilePageCacheLockFree.totalPagesReclaimed,1788308160071000000,1788308210601000000,0
FilePageCacheLockFree.totalPagesReadMs,1788308160071000000,1788308210601000000,0
MappedFileStorage.storages,1788308160071000000,1788308210601000000,0
DirectByteBufferAllocator.disposed,1788308160071000000,1788308210601000000,177
FilePageCache.disposedBuffers,1788308160071000000,1788308210601000000,219
VFS.fileByIdCache.misses,1788308160071000000,1788308210601000000,0
VFS.fileChildByName,1788308160071000000,1788308210601000000,12
VFS.fileByIdCache.hits,1788308160071000000,1788308210601000000,0
VFS.invertedFileNameIndex.requests,1788308160071000000,1788308210601000000,0
JVM.threadCount,1788308160071000000,1788308210601000000,79
JVM.totalDirectByteBuffersBytes,1788308160071000000,1788308210601000000,46449288
JVM.totalBytesAllocated,1788308160071000000,1788308210601000000,115677072
JVM.GC.collections,1788308160071000000,1788308210601000000,1
JVM.GC.collectionTimesMs,1788308160071000000,1788308210601000000,18
JVM.newThreadsCount,1788308160071000000,1788308210601000000,17
JVM.maxThreadCount,1788308160071000000,1788308210601000000,161
OS.loadAverage,1788308160071000000,1788308210601000000,2.44677734375
JVM.usedNativeBytes,1788308160071000000,1788308210601000000,288835424
JVM.totalCpuTimeMs,1788308160071000000,1788308210601000000,8775
JVM.maxHeapBytes,1788308160071000000,1788308210601000000,2147483648
JVM.usedHeapBytes,1788308160071000000,1788308210601000000,267003520
compiler.ArtifactManagerBridge.getArtifacts.ms,1788308160071000000,1788308210601000000,0
compiler.ArtifactManagerBridge.findArtifact.ms,1788308160071000000,1788308210601000000,0
compiler.ArtifactManagerBridge.initBridges.ms,1788308160071000000,1788308210601000000,0
compiler.ArtifactManagerBridge.getArtifactsByType.ms,1788308160071000000,1788308210601000000,0
compiler.ArtifactManagerBridge.addArtifact.ms,1788308160071000000,1788308210601000000,0
compiler.ArtifactManagerBridge.dropMappings.ms,1788308160071000000,1788308210601000000,0
compiler.ArtifactManagerBridge.commit.ms,1788308160071000000,1788308210601000000,0
writeAction.count,1788308160071000000,1788308210601000000,0
writeAction.median.wait.ms,1788308160071000000,1788308210601000000,0
writeAction.wait.ms,1788308160071000000,1788308210601000000,0
writeAction.max.wait.ms,1788308160071000000,1788308210601000000,10
